"","amino_acid","codon","relative_frequency"
"1","K","AAA",0.468827502380537
"2","N","AAC",0.559323621508949
"3","K","AAG",0.524636549907045
"4","N","AAU",0.421068535353796
"5","T","ACA",0.338441317336617
"6","T","ACC",0.299966793166276
"7","T","ACG",0.128430748282761
"8","T","ACU",0.22008924578951
"9","R","AGA",0.244129623125249
"10","S","AGC",0.236085552697606
"11","R","AGG",0.187961059082173
"12","S","AGU",0.200325997783098
"13","I","AUA",0.174850281856197
"14","I","AUC",0.429594009192028
"15","M","AUG",1
"16","I","AUU",0.362875970389684
"17","Q","CAA",0.252896175338212
"18","H","CAC",0.492847485669843
"19","Q","CAG",0.714424086099697
"20","H","CAU",0.481008723480484
"21","P","CCA",0.324957517089983
"22","P","CCC",0.240300691924976
"23","P","CCG",0.14154047683633
"24","P","CCU",0.280129418723874
"25","R","CGA",0.157675259094872
"26","R","CGC",0.154441913852506
"27","R","CGG",0.177271265882856
"28","R","CGU",0.0785208789623435
"29","L","CUA",0.0669852883818032
"30","L","CUC",0.165928130980793
"31","L","CUG",0.325254918403828
"32","L","CUU",0.168593297446686
"33","E","GAA",0.473798937407876
"34","D","GAC",0.507540402308913
"35","E","GAG",0.526201062592124
"36","D","GAU",0.47938770226625
"37","A","GCA",0.319076808970495
"38","A","GCC",0.32640796199507
"39","A","GCG",0.127460525509903
"40","A","GCU",0.220518755812114
"41","G","GGA",0.303012282910488
"42","G","GGC",0.312487305880749
"43","G","GGG",0.214462343689563
"44","G","GGU",0.156966172094362
"45","V","GUA",0.139646002826497
"46","V","GUC",0.258137226842532
"47","V","GUG",0.361871023211955
"48","V","GUU",0.214201956269342
"49","*","UAA",0.372549019607843
"50","Y","UAC",0.572200608959677
"51","*","UAG",0.130718954248366
"52","Y","UAU",0.408191547903068
"53","S","UCA",0.153143974490841
"54","S","UCC",0.169390246958711
"55","S","UCG",0.0654626335673211
"56","S","UCU",0.175591594502423
"57","*","UGA",0.366013071895425
"58","C","UGC",0.450410237476887
"59","W","UGG",0.934640522875817
"60","C","UGU",0.464622442261675
"61","L","UUA",0.079737055343192
"62","F","UUC",0.448366040853332
"63","L","UUG",0.18696536173128
"64","F","UUU",0.525490168296994
